Date,Property ID,Property,Ad Space ID,Ad Space Name,Placement ID,Placement Name,Delivery Method,Display Format,Requests,Filled Requests,Fill Rate,Impressions,Impression Rate,2-second Continuous Video Views,2-second Continuous Video View Rate,10-second Video Views,10-second Video View Rate,Clicks,CTR,Average CPM,Revenue
2019-09-18,"=""130940864343573""","=""showjet.ru""","=""784350111766188""",Showjet,"=""784350188432847""",Showjet,standard,instream_video,136711,25150,0.1839647138855,16189,0.64369781312127,13818,0.85354252887763,12303,0.75996046698375,17,0.001050095744024,4.5,72.8505
2019-09-18,"=""151381672148111""","=""gamak.tv""","=""500564580322325""",Gamak.tv,"=""500564633655653""",Gamak.tv,standard,instream_video,6147,2158,0.35106556043599,1813,0.8401297497683,1362,0.75124103695532,1041,0.57418643132929,5,0.002757859900717,6.5946743353558,11.95614457
2019-09-18,"=""154850758460936""","=""my.mail.ru""","=""1481911218552416""",news.mail.ru,"=""1481911508552387""",Mail.ru_pre-rolls,standard,instream_video,32624,13291,0.40739946051986,5161,0.3883078775111,3987,0.77252470451463,2430,0.47083898469289,61,0.011819414842085,4.2078109804301,21.71651247
2019-09-18,"=""154850758460936""","=""my.mail.ru""","=""1538370962906441""",News.mail.ru,"=""1538371399573064""",News.mail.ru_pre-roll,standard,instream_video,65585,11792,0.17979720972783,8744,0.7415196743555,7588,0.86779505946935,5287,0.60464318389753,174,0.019899359560842,4.2488899507091,37.152293729
2019-09-18,"=""158926854793451""","=""ivi.ru""","=""1275054429266085""",www.ivi.ru,"=""1275054502599411""",Position1,standard,instream_video,89980,10709,0.1190153367415,5398,0.50406200392193,5217,0.96646906261578,4488,0.8314190440904,18,0.003334568358651,4.441052241571,23.9728
2019-09-18,"=""158926854793451""","=""ivi.ru""","=""1303846586386869""",Ivi_PreRoll_CIS_4,"=""1303846696386858""",Position4_CIS,standard,instream_video,26478,8620,0.32555328952338,6466,0.75011600928074,6263,0.96860501082586,5481,0.84766470770182,48,0.007423445716053,1.3416640890813,8.6752
2019-09-18,"=""158926854793451""","=""ivi.ru""","=""1543119192459606""",pre-roll,"=""1543120109126181""",ivi-pre-roll-mobile,standard,instream_video,108743,11381,0.10465961027376,6340,0.55706879887532,6026,0.95047318611987,5169,0.81529968454259,34,0.005362776025237,4.433880126183,28.1108
2019-09-18,"=""158926854793451""","=""ivi.ru""","=""1787755141329342""",Position2-4,"=""1787758234662366""",Position2,standard,instream_video,91577,12778,0.13953285213536,6905,0.54038190640163,6680,0.96741491672701,5911,0.85604634322954,27,0.003910209992759,4.4562201303403,30.7702
2019-09-18,"=""158926854793451""","=""ivi.ru""","=""1787755141329342""",Position2-4,"=""1787761314662058""",Position3,standard,instream_video,52654,8691,0.16505868500019,5298,0.60959613393165,5187,0.97904869762174,4673,0.88203095507739,23,0.004341260853152,4.4483012457531,23.5671
2019-09-18,"=""158926854793451""","=""ivi.ru""","=""1787755141329342""",Position2-4,"=""1787762887995234""",Position4,standard,instream_video,30780,5572,0.18102664067576,3353,0.60175879396985,3290,0.9812108559499,2973,0.88666865493588,9,0.002684163435729,4.4476886370415,14.9131
2019-09-18,"=""158926854793451""","=""ivi.ru""","=""1981448851959969""",Ivi_PreRoll_CIS,"=""1981452975292890""",Position1_CIS,standard,instream_video,98513,19580,0.19875549419874,10935,0.55847803881512,10440,0.95473251028807,8875,0.81161408321902,56,0.005121170553269,1.5006675811614,16.4098
2019-09-18,"=""158926854793451""","=""ivi.ru""","=""1981448851959969""",Ivi_PreRoll_CIS,"=""1981453431959511""",Position2_CIS,standard,instream_video,62896,15338,0.24386288476215,10553,0.68802973008215,10253,0.97157206481569,9127,0.86487254809059,50,0.004737989197385,1.3526390599829,14.2744
2019-09-18,"=""158926854793451""","=""ivi.ru""","=""1981448851959969""",Ivi_PreRoll_CIS,"=""1981453901959464""",Position3_CIS,standard,instream_video,41559,11788,0.28364493852114,8496,0.72073294876145,8269,0.97328154425612,7372,0.86770244821092,35,0.004119585687382,1.3437617702448,11.4166
2019-09-18,"=""158926854793451""","=""ivi.ru""","=""1543119192459606""",pre-roll,"=""1982980468473474""",Ivi_PreRoll_CIS_mobile,standard,instream_video,50841,9416,0.18520485434984,5075,0.53897621070518,4830,0.95172413793103,4150,0.81773399014778,28,0.00551724137931,1.4884137931034,7.5537
2019-09-18,"=""208370176393429""","=""lenta.ru""","=""165348097296579""",Lena_pre-roll,"=""165348140629908""",Pre-roll,standard,instream_video,244054,42110,0.1725437812943,27513,0.65336024697222,22733,0.82626394795188,13252,0.4816632137535,122,0.004434267437212,2.676454709192,73.637298414
2019-09-18,"=""428247697648146""","=""debilizator.tv""","=""174282666620331""",First Desktop Web Ad Space,"=""174282866620311""",Debilizator.tv_31.05.18,standard,instream_video,9121,3240,0.35522420787194,2641,0.81512345679012,2150,0.81408557364635,1647,0.62362741385839,12,0.004543733434305,6.7209306739871,17.74997791
2019-09-18,"=""676348746046261""","=""vokrug.tv""","=""183425215856701""",First Desktop Web Ad Space,"=""183425229190033""",First Desktop Web In-stream Video Placement,standard,instream_video,4503,1329,0.29513657561626,1125,0.84650112866817,997,0.88622222222222,705,0.62666666666667,9,0.008,2.5671596408889,2.888054596
2019-09-18,"=""789285774603144""","=""gazeta.ru""","=""1956898614526961""",Gazeta.ru_instream,"=""1956898687860287""",Gazeta_instream_new,standard,instream_video,123354,32610,0.26436110705774,10512,0.32235510579577,7237,0.68845129375951,3600,0.34246575342466,173,0.016457382039574,1,10.512
2019-09-18,"=""860498464121379""","=""rambler.ru""","=""847805922039838""",Rambler.ru_instream,"=""936889249798171""",Rambler.ru,standard,instream_video,416176,102184,0.24553073699589,46468,0.45474829718938,37015,0.79656968236206,20690,0.44525264698287,616,0.013256434535594,1.5,69.702
2019-09-18,"=""1824311337861930""","=""tnt-online.ru""","=""2334257023467438""",Tnt-online.ru_instream,"=""2334257326800741""",tnt-online.ru_instream,standard,instream_video,62298,16190,0.25987993194003,13788,0.85163681284744,12840,0.93124456048738,10801,0.7833623440673,47,0.003408761241659,6.0914593388454,83.989041364
2019-09-18,"=""2029886443925692""","=""rutube.ru""","=""1448859808542845""",Rutube,"=""1448860211876138""",Rutube.ru,standard,instream_video,1188997,375291,0.31563662481907,181246,0.48294789909697,167311,0.92311554461892,136819,0.75488010769893,796,0.004391821060879,4.354198566716,789.181073423
2019-09-18,"=""2029886443925692""","=""rutube.ru""","=""2013158515446302""",Rutube_iOS_app,"=""2013159032112917""",Rutube iOS_app,standard,instream_video,7883,4693,0.59533172650006,4203,0.89558917536757,3831,0.91149179157744,3254,0.7742088984059,27,0.006423982869379,5.781200649536,24.29838633
2019-09-18,"=""2053334831568811""","=""russia.tv""","=""1733902773585320""",M24.ru_InStream_Russia,"=""1733902836918647""",M24.ru_InStream_Russia,standard,instream_video,9533,29,0.003042064407846,12,0.41379310344828,8,0.66666666666667,4,0.33333333333333,1,0.083333333333333,2.4245425,0.02909451
2019-09-17,"=""130940864343573""","=""showjet.ru""","=""784350111766188""",Showjet,"=""784350188432847""",Showjet,standard,instream_video,128934,20161,0.15636682333597,12266,0.608402360994,12266,1,9489,0.77360182618621,10,0.000815261699005,5.1555168367846,63.23756952
2019-09-17,"=""151381672148111""","=""gamak.tv""","=""500564580322325""",Gamak.tv,"=""500564633655653""",Gamak.tv,standard,instream_video,9040,3628,0.40132743362832,3195,0.88065049614112,3195,1,1811,0.56682316118936,7,0.002190923317684,6.6353046748044,21.199798436
2019-09-17,"=""154850758460936""","=""my.mail.ru""","=""1481911218552416""",news.mail.ru,"=""1481911508552387""",Mail.ru_pre-rolls,standard,instream_video,39014,14708,0.3769928743528,6348,0.4316018493337,6348,1,2608,0.41083805923125,48,0.007561436672968,3.7096224918084,23.548683578
2019-09-17,"=""154850758460936""","=""my.mail.ru""","=""1538370962906441""",News.mail.ru,"=""1538371399573064""",News.mail.ru_pre-roll,standard,instream_video,150702,32837,0.21789359132593,24614,0.74958126503639,24614,1,13373,0.54330868611359,509,0.020679288209962,3.7802067220687,93.046008257
2019-09-17,"=""158926854793451""","=""ivi.ru""","=""1275054429266085""",www.ivi.ru,"=""1275054502599411""",Position1,standard,instream_video,95631,11089,0.1159561230145,6112,0.55117684191541,6112,1,5177,0.8470222513089,27,0.004417539267016,5.2469045206152,32.06908043
2019-09-17,"=""158926854793451""","=""ivi.ru""","=""1303846586386869""",Ivi_PreRoll_CIS_4,"=""1303846696386858""",Position4_CIS,standard,instream_video,24424,8426,0.34498853586636,6136,0.72822216947543,6136,1,5378,0.8764667535854,18,0.002933507170795,1.6353795322686,10.03468881
2019-09-17,"=""158926854793451""","=""ivi.ru""","=""1543119192459606""",pre-roll,"=""1543120109126181""",ivi-pre-roll-mobile,standard,instream_video,118182,12338,0.10439830092569,7080,0.57383692656833,7080,1,5904,0.83389830508475,40,0.005649717514124,5.2156181242938,36.92657632
2019-09-17,"=""158926854793451""","=""ivi.ru""","=""1787755141329342""",Position2-4,"=""1787758234662366""",Position2,standard,instream_video,104147,14068,0.13507830278357,8111,0.57655672448109,8111,1,7039,0.86783380594255,30,0.003698680803847,5.2620705313771,42.68065408
2019-09-17,"=""158926854793451""","=""ivi.ru""","=""1787755141329342""",Position2-4,"=""1787761314662058""",Position3,standard,instream_video,58800,9289,0.15797619047619,5934,0.6388201098073,5934,1,5304,0.8938321536906,14,0.002359285473542,5.2644421536906,31.23919974
2019-09-17,"=""158926854793451""","=""ivi.ru""","=""1787755141329342""",Position2-4,"=""1787762887995234""",Position4,standard,instream_video,33081,5840,0.17653638039963,3832,0.65616438356164,3832,1,3441,0.89796450939457,12,0.003131524008351,5.2940893371608,20.28695034
2019-09-17,"=""158926854793451""","=""ivi.ru""","=""1981448851959969""",Ivi_PreRoll_CIS,"=""1981452975292890""",Position1_CIS,standard,instream_video,90219,20348,0.2255400747071,11447,0.56256143109888,11447,1,9502,0.83008648554206,33,0.002882851402114,1.6377505005678,18.74732998
2019-09-17,"=""158926854793451""","=""ivi.ru""","=""1981448851959969""",Ivi_PreRoll_CIS,"=""1981453431959511""",Position2_CIS,standard,instream_video,60046,15770,0.26263198214702,10258,0.65047558655675,10258,1,9022,0.8795086761552,40,0.003899395593683,1.6331077412751,16.75241921
2019-09-17,"=""158926854793451""","=""ivi.ru""","=""1981448851959969""",Ivi_PreRoll_CIS,"=""1981453901959464""",Position3_CIS,standard,instream_video,39297,12077,0.30732625900196,8309,0.68800198724849,8309,1,7282,0.87639908532916,34,0.00409194848959,1.6321172475629,13.56126221
2019-09-17,"=""158926854793451""","=""ivi.ru""","=""1543119192459606""",pre-roll,"=""1982980468473474""",Ivi_PreRoll_CIS_mobile,standard,instream_video,44163,8858,0.20057514208727,4674,0.52765861368255,4674,1,3896,0.83354728284125,22,0.004706889174155,1.5319375502781,7.16027611
2019-09-17,"=""208370176393429""","=""lenta.ru""","=""165348097296579""",Lena_pre-roll,"=""165348140629908""",Pre-roll,standard,instream_video,242233,44355,0.1831088249743,28943,0.65253071807012,28943,1,14078,0.48640431192344,97,0.003351414849877,2.4122124516463,69.816664988
2019-09-17,"=""428247697648146""","=""debilizator.tv""","=""174282666620331""",First Desktop Web Ad Space,"=""174282866620311""",Debilizator.tv_31.05.18,standard,instream_video,9295,3355,0.36094674556213,2685,0.80029806259314,2685,1,1625,0.60521415270019,13,0.004841713221602,6.2593855843575,16.806450294
2019-09-17,"=""676348746046261""","=""vokrug.tv""","=""183425215856701""",First Desktop Web Ad Space,"=""183425229190033""",First Desktop Web In-stream Video Placement,standard,instream_video,3125,958,0.30656,824,0.86012526096033,824,1,504,0.61165048543689,15,0.018203883495146,2.292858532767,1.889315431
2019-09-17,"=""789285774603144""","=""gazeta.ru""","=""1956898614526961""",Gazeta.ru_instream,"=""1956898687860287""",Gazeta_instream_new,standard,instream_video,127604,35048,0.27466223629353,11865,0.3385357224378,11865,1,4328,0.36477033291193,153,0.012895069532238,1.1454464475348,13.5907221
2019-09-17,"=""860498464121379""","=""rambler.ru""","=""847805922039838""",Rambler.ru_instream,"=""936889249798171""",Rambler.ru,standard,instream_video,740744,183444,0.24764831034743,83920,0.45746930943503,83920,1,36322,0.43281696854147,1051,0.012523832221163,1.7174665114395,144.12978964
2019-09-17,"=""1824311337861930""","=""tnt-online.ru""","=""2334257023467438""",Tnt-online.ru_instream,"=""2334257326800741""",tnt-online.ru_instream,standard,instream_video,59246,16625,0.28060966141174,14488,0.87145864661654,14488,1,11505,0.79410546659304,48,0.003313086692435,6.0139780869685,87.130514524
2019-09-17,"=""2029886443925692""","=""rutube.ru""","=""1448859808542845""",Rutube,"=""1448860211876138""",Rutube.ru,standard,instream_video,1158211,372633,0.32173153251005,179229,0.48097994541546,179229,1,137398,0.76660585061569,757,0.004223646842866,4.2796228664948,767.032526739
2019-09-17,"=""2029886443925692""","=""rutube.ru""","=""2013158515446302""",Rutube_iOS_app,"=""2013159032112917""",Rutube iOS_app,standard,instream_video,7680,4475,0.58268229166667,3995,0.8927374301676,3995,1,3195,0.79974968710889,34,0.008510638297872,5.5315954918648,22.09872399
2019-09-16,"=""130940864343573""","=""showjet.ru""","=""784350111766188""",Showjet,"=""784350188432847""",Showjet,standard,instream_video,165711,23536,0.14203040232694,15126,0.64267505098572,15126,1,11318,0.74824804971572,11,0.000727224646304,4.7490777317202,71.83454977
2019-09-16,"=""151381672148111""","=""gamak.tv""","=""500564580322325""",Gamak.tv,"=""500564633655653""",Gamak.tv,standard,instream_video,6747,2690,0.39869571661479,2304,0.85650557620818,2304,1,1332,0.578125,9,0.00390625,6.0899857387153,14.031327142
2019-09-16,"=""154850758460936""","=""my.mail.ru""","=""1481911218552416""",news.mail.ru,"=""1481911508552387""",Mail.ru_pre-rolls,standard,instream_video,38922,15200,0.39052463902163,6470,0.42565789473684,6470,1,2559,0.39551777434312,64,0.009891808346213,3.5773352846986,23.145359292
2019-09-16,"=""154850758460936""","=""my.mail.ru""","=""1538370962906441""",News.mail.ru,"=""1538371399573064""",News.mail.ru_pre-roll,standard,instream_video,29754,5445,0.18300060496068,3768,0.69201101928375,3768,1,2203,0.58466029723992,105,0.027866242038217,3.8686567632696,14.577098684
2019-09-16,"=""158926854793451""","=""ivi.ru""","=""1275054429266085""",www.ivi.ru,"=""1275054502599411""",Position1,standard,instream_video,106165,13866,0.13060801582442,8357,0.60269724505986,8357,1,7303,0.8738781859519,46,0.005504367596027,5.0229337657054,41.97665748
2019-09-16,"=""158926854793451""","=""ivi.ru""","=""1303846586386869""",Ivi_PreRoll_CIS_4,"=""1303846696386858""",Position4_CIS,standard,instream_video,23931,8596,0.35919936484058,6231,0.72487203350396,6231,1,5470,0.87786872091157,21,0.003370245546461,1.5003643123094,9.34877003
2019-09-16,"=""158926854793451""","=""ivi.ru""","=""1543119192459606""",pre-roll,"=""1543120109126181""",ivi-pre-roll-mobile,standard,instream_video,139345,15957,0.11451433492411,10028,0.62843892962336,10028,1,8573,0.8549062624651,72,0.007179896290387,5.0224786457918,50.36541586
2019-09-16,"=""158926854793451""","=""ivi.ru""","=""1787755141329342""",Position2-4,"=""1787758234662366""",Position2,standard,instream_video,118622,17375,0.14647367267455,10613,0.61082014388489,10613,1,9535,0.8984264581174,45,0.004240082917177,5.035127909168,53.4378125
2019-09-16,"=""158926854793451""","=""ivi.ru""","=""1787755141329342""",Position2-4,"=""1787761314662058""",Position3,standard,instream_video,65277,11215,0.17180630237296,7470,0.66607222469906,7470,1,6833,0.91472556894244,21,0.00281124497992,5.0409290655957,37.65574012
2019-09-16,"=""158926854793451""","=""ivi.ru""","=""1787755141329342""",Position2-4,"=""1787762887995234""",Position4,standard,instream_video,37112,6858,0.18479198103039,4649,0.67789442986293,4649,1,4338,0.93310389331039,13,0.00279630027963,5.0592124241772,23.52027856
2019-09-16,"=""158926854793451""","=""ivi.ru""","=""1981448851959969""",Ivi_PreRoll_CIS,"=""1981452975292890""",Position1_CIS,standard,instream_video,86685,19752,0.22785949126146,10903,0.55199473471041,10903,1,8899,0.81619737686875,35,0.00321012565349,1.5070435925892,16.43129629
2019-09-16,"=""158926854793451""","=""ivi.ru""","=""1981448851959969""",Ivi_PreRoll_CIS,"=""1981453431959511""",Position2_CIS,standard,instream_video,59019,16085,0.27253935173419,10407,0.64700031084862,10407,1,9168,0.88094551744018,28,0.002690496781013,1.5105771499952,15.7205764
2019-09-16,"=""158926854793451""","=""ivi.ru""","=""1981448851959969""",Ivi_PreRoll_CIS,"=""1981453901959464""",Position3_CIS,standard,instream_video,39408,12358,0.31359114900528,8493,0.68724712736689,8493,1,7458,0.87813493465207,30,0.003532320734723,1.5025283139056,12.76097297
2019-09-16,"=""158926854793451""","=""ivi.ru""","=""1543119192459606""",pre-roll,"=""1982980468473474""",Ivi_PreRoll_CIS_mobile,standard,instream_video,43358,8433,0.19449697864293,4566,0.54144432586268,4566,1,3815,0.83552343407797,18,0.003942181340342,1.4133935589137,6.45355499
2019-09-16,"=""208370176393429""","=""lenta.ru""","=""165348097296579""",Lena_pre-roll,"=""165348140629908""",Pre-roll,standard,instream_video,275876,49744,0.18031289419884,31958,0.64244934062399,31958,1,15470,0.48407284560986,152,0.004756242568371,2.3797051059516,76.050615776
2019-09-16,"=""428247697648146""","=""debilizator.tv""","=""174282666620331""",First Desktop Web Ad Space,"=""174282866620311""",Debilizator.tv_31.05.18,standard,instream_video,9207,3284,0.35668513087868,2636,0.8026796589525,2636,1,1606,0.6092564491654,12,0.004552352048558,5.8205607389985,15.342998108
2019-09-16,"=""676348746046261""","=""vokrug.tv""","=""183425215856701""",First Desktop Web Ad Space,"=""183425229190033""",First Desktop Web In-stream Video Placement,standard,instream_video,3457,978,0.28290425224183,800,0.81799591002045,800,1,481,0.60125,11,0.01375,1.8689302075,1.495144166
2019-09-16,"=""789285774603144""","=""gazeta.ru""","=""1956898614526961""",Gazeta.ru_instream,"=""1956898687860287""",Gazeta_instream_new,standard,instream_video,180100,47850,0.26568573014992,15194,0.31753396029258,15194,1,5818,0.38291430827958,236,0.01553244701856,1.0535042641832,16.00694379
2019-09-16,"=""860498464121379""","=""rambler.ru""","=""847805922039838""",Rambler.ru_instream,"=""936889249798171""",Rambler.ru,standard,instream_video,718335,177541,0.24715627109914,81945,0.46155535904383,81945,1,36986,0.45135151626091,1490,0.018182927573372,1.5807237427543,129.5324071
2019-09-16,"=""1824311337861930""","=""tnt-online.ru""","=""2334257023467438""",Tnt-online.ru_instream,"=""2334257326800741""",tnt-online.ru_instream,standard,instream_video,53571,16454,0.30714379048366,14431,0.87705117296706,14431,1,11490,0.7962026193611,50,0.003464763356663,5.6035075795163,80.86421788
2019-09-16,"=""2029886443925692""","=""rutube.ru""","=""1448859808542845""",Rutube,"=""1448860211876138""",Rutube.ru,standard,instream_video,915963,304081,0.33197956686023,150396,0.49459190149993,150396,1,116567,0.77506715604138,641,0.004262081438336,4.2948881780832,645.934002431
2019-09-16,"=""2029886443925692""","=""rutube.ru""","=""2013158515446302""",Rutube_iOS_app,"=""2013159032112917""",Rutube iOS_app,standard,instream_video,5998,3506,0.58452817605869,3122,0.8904734740445,3122,1,2441,0.78187059577194,28,0.008968609865471,5.7203988033312,17.859085064
2019-09-15,"=""130940864343573""","=""showjet.ru""","=""784350111766188""",Showjet,"=""784350188432847""",Showjet,standard,instream_video,161498,12970,0.080310592081636,8636,0.66584425597533,8636,1,6638,0.76864289022696,15,0.001736915238536,5.0789505847615,43.86181725
2019-09-15,"=""151381672148111""","=""gamak.tv""","=""500564580322325""",Gamak.tv,"=""500564633655653""",Gamak.tv,standard,instream_video,5710,2169,0.37985989492119,1803,0.83125864453665,1803,1,1045,0.579589572934,2,0.001109262340544,6.1912201286744,11.162769892
2019-09-15,"=""154850758460936""","=""my.mail.ru""","=""1481911218552416""",news.mail.ru,"=""1481911508552387""",Mail.ru_pre-rolls,standard,instream_video,32197,12849,0.39907444792993,5349,0.41629698809246,5349,1,2626,0.49093288465134,87,0.016264722378015,4.0343337464947,21.57965121
2019-09-15,"=""154850758460936""","=""my.mail.ru""","=""1538370962906441""",News.mail.ru,"=""1538371399573064""",News.mail.ru_pre-roll,standard,instream_video,18765,3179,0.16941113775646,2167,0.68166089965398,2167,1,1294,0.59713890170743,61,0.02814951545916,3.8458390263036,8.33393317
2019-09-15,"=""158926854793451""","=""ivi.ru""","=""1275054429266085""",www.ivi.ru,"=""1275054502599411""",Position1,standard,instream_video,183096,12929,0.070613230218028,8450,0.65356949493387,8450,1,7258,0.8589349112426,20,0.002366863905325,5.2565132106509,44.41753663
2019-09-15,"=""158926854793451""","=""ivi.ru""","=""1303846586386869""",Ivi_PreRoll_CIS_4,"=""1303846696386858""",Position4_CIS,standard,instream_video,28269,9198,0.32537408468641,6777,0.73679060665362,6777,1,5986,0.88328168806256,30,0.004426737494467,1.6021610225764,10.85784525
2019-09-15,"=""158926854793451""","=""ivi.ru""","=""1543119192459606""",pre-roll,"=""1543120109126181""",ivi-pre-roll-mobile,standard,instream_video,185757,11958,0.064374424651561,7825,0.6543736410771,7825,1,6691,0.85507987220447,32,0.00408945686901,5.2556604383387,41.12554293
2019-09-15,"=""158926854793451""","=""ivi.ru""","=""1787755141329342""",Position2-4,"=""1787758234662366""",Position2,standard,instream_video,193275,15966,0.082607683352736,10344,0.6478767380684,10344,1,9047,0.87461330239753,18,0.001740139211137,5.2813995562645,54.63079701
2019-09-15,"=""158926854793451""","=""ivi.ru""","=""1787755141329342""",Position2-4,"=""1787761314662058""",Position3,standard,instream_video,97180,10198,0.10493928791932,7158,0.70190233379094,7158,1,6388,0.89242805252864,16,0.002235261246158,5.3004366848282,37.94052579
2019-09-15,"=""158926854793451""","=""ivi.ru""","=""1787755141329342""",Position2-4,"=""1787762887995234""",Position4,standard,instream_video,46123,5448,0.11811894282679,3892,0.7143906020558,3892,1,3517,0.90364850976362,13,0.003340184994861,5.3284391161357,20.73828504
2019-09-15,"=""158926854793451""","=""ivi.ru""","=""1981448851959969""",Ivi_PreRoll_CIS,"=""1981452975292890""",Position1_CIS,standard,instream_video,118512,24104,0.20338868637775,14277,0.59230833056754,14277,1,11902,0.83364852560062,42,0.002941794494642,1.6070485298032,22.94383186
2019-09-15,"=""158926854793451""","=""ivi.ru""","=""1981448851959969""",Ivi_PreRoll_CIS,"=""1981453431959511""",Position2_CIS,standard,instream_video,76077,18264,0.24007255806617,12413,0.67964301357862,12413,1,11025,0.88818174494482,44,0.00354467090953,1.6064567985177,19.94094824
2019-09-15,"=""158926854793451""","=""ivi.ru""","=""1981448851959969""",Ivi_PreRoll_CIS,"=""1981453901959464""",Position3_CIS,standard,instream_video,46619,13070,0.28035779403248,9227,0.70596786534047,9227,1,8148,0.88306058307142,33,0.003576460387992,1.6011092153463,14.77343473
2019-09-15,"=""158926854793451""","=""ivi.ru""","=""1543119192459606""",pre-roll,"=""1982980468473474""",Ivi_PreRoll_CIS_mobile,standard,instream_video,57841,10655,0.18421189121903,5905,0.55419990614735,5905,1,4882,0.82675698560542,25,0.004233700254022,1.4764797239627,8.71861277
2019-09-15,"=""208370176393429""","=""lenta.ru""","=""165348097296579""",Lena_pre-roll,"=""165348140629908""",Pre-roll,standard,instream_video,217825,45263,0.20779524847928,30841,0.68137330711619,30841,1,16079,0.52135144774813,205,0.006646995882105,2.515185596803,77.570838991
2019-09-15,"=""428247697648146""","=""debilizator.tv""","=""174282666620331""",First Desktop Web Ad Space,"=""174282866620311""",Debilizator.tv_31.05.18,standard,instream_video,9082,3146,0.34639947148205,2564,0.81500317863954,2564,1,1612,0.62870514820593,13,0.005070202808112,5.735862650546,14.706751836
2019-09-15,"=""676348746046261""","=""vokrug.tv""","=""183425215856701""",First Desktop Web Ad Space,"=""183425229190033""",First Desktop Web In-stream Video Placement,standard,instream_video,5061,1260,0.24896265560166,1060,0.84126984126984,1060,1,597,0.56320754716981,21,0.019811320754717,2.2384448858491,2.372751579
2019-09-15,"=""789285774603144""","=""gazeta.ru""","=""1956898614526961""",Gazeta.ru_instream,"=""1956898687860287""",Gazeta_instream_new,standard,instream_video,136336,31328,0.22978523647459,12672,0.40449438202247,12672,1,5961,0.4704071969697,177,0.013967803030303,1.1280132796717,14.29418428
2019-09-15,"=""860498464121379""","=""rambler.ru""","=""847805922039838""",Rambler.ru_instream,"=""936889249798171""",Rambler.ru,standard,instream_video,490594,106133,0.21633570732622,48432,0.4563330914984,48432,1,20732,0.42806408985795,799,0.01649735711926,1.6907604110918,81.88690823
2019-09-15,"=""1824311337861930""","=""tnt-online.ru""","=""2334257023467438""",Tnt-online.ru_instream,"=""2334257326800741""",tnt-online.ru_instream,standard,instream_video,78750,26143,0.3319746031746,22883,0.87530122786214,22883,1,18208,0.79569986452825,85,0.003714547917668,5.9248797698728,135.579023774
2019-09-15,"=""2029886443925692""","=""rutube.ru""","=""1448859808542845""",Rutube,"=""1448860211876138""",Rutube.ru,standard,instream_video,1268275,393539,0.31029469160868,206061,0.52361011233956,206061,1,157789,0.7657392713808,874,0.004241462479557,4.4248906735044,911.797397073
2019-09-15,"=""2029886443925692""","=""rutube.ru""","=""2013158515446302""",Rutube_iOS_app,"=""2013159032112917""",Rutube iOS_app,standard,instream_video,8304,4617,0.55599710982659,4063,0.88000866363439,4063,1,3093,0.7612601525966,51,0.01255230125523,5.5634717277874,22.60438563
2019-09-14,"=""130940864343573""","=""showjet.ru""","=""784350111766188""",Showjet,"=""784350188432847""",Showjet,standard,instream_video,154880,25486,0.16455320247934,16233,0.63693792670486,16233,1,12329,0.75950224850613,18,0.00110885233783,4.7914517957248,77.779637
2019-09-14,"=""151381672148111""","=""gamak.tv""","=""500564580322325""",Gamak.tv,"=""500564633655653""",Gamak.tv,standard,instream_video,5071,1988,0.39203312956024,1682,0.84607645875252,1682,1,955,0.56777645659929,8,0.004756242568371,6.3262314470868,10.640721294
2019-09-14,"=""154850758460936""","=""my.mail.ru""","=""1481911218552416""",news.mail.ru,"=""1481911508552387""",Mail.ru_pre-rolls,standard,instream_video,32201,13017,0.40424210428248,5500,0.42252439118076,5500,1,2634,0.47890909090909,62,0.011272727272727,4.1838529270909,23.011191099
2019-09-14,"=""154850758460936""","=""my.mail.ru""","=""1538370962906441""",News.mail.ru,"=""1538371399573064""",News.mail.ru_pre-roll,standard,instream_video,10002,1209,0.12087582483503,824,0.68155500413565,824,1,456,0.55339805825243,28,0.033980582524272,4.4211079004854,3.64299291
2019-09-14,"=""158926854793451""","=""ivi.ru""","=""1275054429266085""",www.ivi.ru,"=""1275054502599411""",Position1,standard,instream_video,137529,20000,0.14542387423743,12688,0.6344,12688,1,11151,0.87886191677175,33,0.002600882723834,5.0860073163619,64.53126083
2019-09-14,"=""158926854793451""","=""ivi.ru""","=""1303846586386869""",Ivi_PreRoll_CIS_4,"=""1303846696386858""",Position4_CIS,standard,instream_video,25230,9259,0.36698374950456,6857,0.74057673614861,6857,1,6181,0.90141461280443,22,0.003208400175004,1.5188520912936,10.41476879
2019-09-14,"=""158926854793451""","=""ivi.ru""","=""1543119192459606""",pre-roll,"=""1543120109126181""",ivi-pre-roll-mobile,standard,instream_video,143009,18178,0.12711088113336,11284,0.62075035757509,11284,1,9623,0.85280042538107,52,0.004608294930876,5.0874300487416,57.40656067
2019-09-14,"=""158926854793451""","=""ivi.ru""","=""1787755141329342""",Position2-4,"=""1787758234662366""",Position2,standard,instream_video,144067,24233,0.16820645949454,15246,0.6291420789832,15246,1,13630,0.89400498491408,54,0.003541912632822,5.1019795388954,77.78478005
2019-09-14,"=""158926854793451""","=""ivi.ru""","=""1787755141329342""",Position2-4,"=""1787761314662058""",Position3,standard,instream_video,80006,15581,0.19474789390796,10638,0.68275463705796,10638,1,9675,0.90947546531303,37,0.003478097386727,5.1135771225794,54.39823343
2019-09-14,"=""158926854793451""","=""ivi.ru""","=""1787755141329342""",Position2-4,"=""1787762887995234""",Position4,standard,instream_video,40803,8772,0.2149841923388,6026,0.68695850433197,6026,1,5508,0.91403916362429,28,0.004646531695984,5.1105178609359,30.79598063
2019-09-14,"=""158926854793451""","=""ivi.ru""","=""1981448851959969""",Ivi_PreRoll_CIS,"=""1981452975292890""",Position1_CIS,standard,instream_video,103997,23532,0.22627575795456,13615,0.57857385687574,13615,1,11213,0.82357693720162,51,0.00374586852736,1.5331890451708,20.87436885
2019-09-14,"=""158926854793451""","=""ivi.ru""","=""1981448851959969""",Ivi_PreRoll_CIS,"=""1981453431959511""",Position2_CIS,standard,instream_video,65227,17884,0.2741809373419,11959,0.6686982777902,11959,1,10582,0.88485659336065,52,0.004348189647964,1.5376005426875,18.38816489
2019-09-14,"=""158926854793451""","=""ivi.ru""","=""1981448851959969""",Ivi_PreRoll_CIS,"=""1981453901959464""",Position3_CIS,standard,instream_video,40741,12940,0.31761616062443,9230,0.71329211746522,9230,1,8297,0.89891657638137,33,0.003575297941495,1.5304833726977,14.12636153
2019-09-14,"=""158926854793451""","=""ivi.ru""","=""1543119192459606""",pre-roll,"=""1982980468473474""",Ivi_PreRoll_CIS_mobile,standard,instream_video,52898,10718,0.2026163560059,5554,0.51819369285314,5554,1,4614,0.830752610731,31,0.005581562837595,1.4152711577242,7.86041601
2019-09-14,"=""208370176393429""","=""lenta.ru""","=""165348097296579""",Lena_pre-roll,"=""165348140629908""",Pre-roll,standard,instream_video,201380,44837,0.22264872380574,30756,0.68595133483507,30756,1,15690,0.51014436207569,195,0.006340226297308,2.8770340781636,88.486060108
2019-09-14,"=""428247697648146""","=""debilizator.tv""","=""174282666620331""",First Desktop Web Ad Space,"=""174282866620311""",Debilizator.tv_31.05.18,standard,instream_video,9357,3336,0.35652452709202,2701,0.80965227817746,2701,1,1643,0.60829322473158,13,0.004813032210293,6.6385559074417,17.930739506
2019-09-14,"=""676348746046261""","=""vokrug.tv""","=""183425215856701""",First Desktop Web Ad Space,"=""183425229190033""",First Desktop Web In-stream Video Placement,standard,instream_video,3762,1072,0.2849548112706,913,0.85167910447761,913,1,534,0.58488499452355,21,0.023001095290252,2.4427807437021,2.230258819
2019-09-14,"=""789285774603144""","=""gazeta.ru""","=""1956898614526961""",Gazeta.ru_instream,"=""1956898687860287""",Gazeta_instream_new,standard,instream_video,131598,35674,0.27108314716029,13372,0.37483881818691,13372,1,5771,0.43157343703261,282,0.021088842357164,1.0638546402931,14.22586425
2019-09-14,"=""860498464121379""","=""rambler.ru""","=""847805922039838""",Rambler.ru_instream,"=""936889249798171""",Rambler.ru,standard,instream_video,427847,114150,0.26680098259425,53317,0.46707840560666,53317,1,22244,0.41720276834781,833,0.015623534707504,1.597200959919,85.15796358
2019-09-14,"=""1824311337861930""","=""tnt-online.ru""","=""2334257023467438""",Tnt-online.ru_instream,"=""2334257326800741""",tnt-online.ru_instream,standard,instream_video,71126,24673,0.3468914321064,21541,0.87305961982734,21541,1,16876,0.78343623787197,93,0.00431734831252,6.4285784611207,138.478008631
2019-09-14,"=""2029886443925692""","=""rutube.ru""","=""1448859808542845""",Rutube,"=""1448860211876138""",Rutube.ru,standard,instream_video,1177386,388165,0.32968372309506,207423,0.53436811665142,207423,1,158316,0.76325190552639,896,0.004319675252985,4.8752162337542,1011.231976854
2019-09-14,"=""2029886443925692""","=""rutube.ru""","=""2013158515446302""",Rutube_iOS_app,"=""2013159032112917""",Rutube iOS_app,standard,instream_video,8055,4550,0.56486654252017,4059,0.89208791208791,4059,1,3190,0.78590785907859,50,0.012318305001232,6.254316526238,25.38627078
2019-09-13,"=""130940864343573""","=""showjet.ru""","=""784350111766188""",Showjet,"=""784350188432847""",Showjet,standard,instream_video,129124,24943,0.1931709054862,15432,0.61869061460129,15432,1,11188,0.72498703991706,31,0.002008812856402,4.9612576049767,76.56212736
2019-09-13,"=""151381672148111""","=""gamak.tv""","=""500564580322325""",Gamak.tv,"=""500564633655653""",Gamak.tv,standard,instream_video,7181,2980,0.41498398551734,2598,0.87181208053691,2598,1,1629,0.6270207852194,10,0.003849114703618,7.1927275842956,18.686706264
2019-09-13,"=""154850758460936""","=""my.mail.ru""","=""1481911218552416""",news.mail.ru,"=""1481911508552387""",Mail.ru_pre-rolls,standard,instream_video,38679,15537,0.40169083999069,6787,0.43682821651541,6787,1,2935,0.43244437895978,76,0.011197878296744,3.8219855712391,25.939816072
2019-09-13,"=""154850758460936""","=""my.mail.ru""","=""1538370962906441""",News.mail.ru,"=""1538371399573064""",News.mail.ru_pre-roll,standard,instream_video,20661,5356,0.25923237016601,3522,0.65758028379388,3522,1,1988,0.56445201590006,99,0.028109028960818,4.104936645088,14.457586864
2019-09-13,"=""158926854793451""","=""ivi.ru""","=""1275054429266085""",www.ivi.ru,"=""1275054502599411""",Position1,standard,instream_video,97955,17617,0.17984788933694,10545,0.59856956348981,10545,1,9333,0.8850640113798,47,0.004457088667615,5.3182458949265,56.080902962
2019-09-13,"=""158926854793451""","=""ivi.ru""","=""1303846586386869""",Ivi_PreRoll_CIS_4,"=""1303846696386858""",Position4_CIS,standard,instream_video,22805,9503,0.41670686253015,6874,0.72335052088814,6874,1,6097,0.88696537678208,35,0.005091649694501,1.5059955305499,10.352213277
2019-09-13,"=""158926854793451""","=""ivi.ru""","=""1543119192459606""",pre-roll,"=""1543120109126181""",ivi-pre-roll-mobile,standard,instream_video,104720,15988,0.15267379679144,10203,0.63816612459345,10203,1,8839,0.8663138292659,81,0.007938841517201,5.3111630892875,54.189797
2019-09-13,"=""158926854793451""","=""ivi.ru""","=""1787755141329342""",Position2-4,"=""1787758234662366""",Position2,standard,instream_video,103147,21627,0.20967163368784,13368,0.61811624358441,13368,1,12079,0.90357570317175,62,0.004637941352484,5.330251114602,71.2547969
2019-09-13,"=""158926854793451""","=""ivi.ru""","=""1787755141329342""",Position2-4,"=""1787761314662058""",Position3,standard,instream_video,63365,14960,0.23609248007575,9819,0.65635026737968,9819,1,8942,0.91068336897851,43,0.004379264690905,5.3397825501579,52.43132486
2019-09-13,"=""158926854793451""","=""ivi.ru""","=""1787755141329342""",Position2-4,"=""1787762887995234""",Position4,standard,instream_video,36047,9321,0.25857907731573,6161,0.66098058148267,6161,1,5622,0.9125142022399,19,0.003083914948872,5.3512908164259,32.96930272
2019-09-13,"=""158926854793451""","=""ivi.ru""","=""1981448851959969""",Ivi_PreRoll_CIS,"=""1981452975292890""",Position1_CIS,standard,instream_video,81517,21623,0.26525755363912,12371,0.57212227720483,12371,1,10217,0.82588311373373,42,0.003395036779565,1.5330796532212,18.96572839
2019-09-13,"=""158926854793451""","=""ivi.ru""","=""1981448851959969""",Ivi_PreRoll_CIS,"=""1981453431959511""",Position2_CIS,standard,instream_video,53712,17149,0.31927688412273,11069,0.64546037669835,11069,1,9826,0.88770439967477,28,0.002529587135243,1.5244264784533,16.87387669
2019-09-13,"=""158926854793451""","=""ivi.ru""","=""1981448851959969""",Ivi_PreRoll_CIS,"=""1981453901959464""",Position3_CIS,standard,instream_video,36234,13022,0.35938621184523,8971,0.68891107356781,8971,1,8032,0.89532939471631,31,0.003455579088173,1.5092257607848,13.5392643
2019-09-13,"=""158926854793451""","=""ivi.ru""","=""1543119192459606""",pre-roll,"=""1982980468473474""",Ivi_PreRoll_CIS_mobile,standard,instream_video,40122,8671,0.21611584666766,4611,0.53177257525084,4611,1,3865,0.8382129689872,15,0.003253090435914,1.47246153329,6.78952013
2019-09-13,"=""208370176393429""","=""lenta.ru""","=""165348097296579""",Lena_pre-roll,"=""165348140629908""",Pre-roll,standard,instream_video,280114,60807,0.21707947478527,41861,0.68842403012811,41861,1,20574,0.49148371993025,187,0.004467165141779,2.853561198323,119.452925323
2019-09-13,"=""428247697648146""","=""debilizator.tv""","=""174282666620331""",First Desktop Web Ad Space,"=""174282866620311""",Debilizator.tv_31.05.18,standard,instream_video,9832,3580,0.36411716842962,2846,0.79497206703911,2846,1,1751,0.61524947294448,23,0.008081517919888,6.5944722740689,18.767868092
2019-09-13,"=""676348746046261""","=""vokrug.tv""","=""183425215856701""",First Desktop Web Ad Space,"=""183425229190033""",First Desktop Web In-stream Video Placement,standard,instream_video,3046,875,0.28726198292843,784,0.896,784,1,455,0.58035714285714,9,0.011479591836735,2.6571926772959,2.083239059
2019-09-13,"=""789285774603144""","=""gazeta.ru""","=""1956898614526961""",Gazeta.ru_instream,"=""1956898687860287""",Gazeta_instream_new,standard,instream_video,221750,60205,0.27149943630214,20753,0.34470558923677,20753,1,8116,0.39107598901364,415,0.019997108851732,1.104777504939,22.92744756
2019-09-13,"=""860498464121379""","=""rambler.ru""","=""847805922039838""",Rambler.ru_instream,"=""936889249798171""",Rambler.ru,standard,instream_video,536576,150189,0.27990256739027,64042,0.42640939083422,64042,1,25677,0.40094000811967,948,0.014802785671903,1.6546957145311,105.97002295
2019-09-13,"=""1824311337861930""","=""tnt-online.ru""","=""2334257023467438""",Tnt-online.ru_instream,"=""2334257326800741""",tnt-online.ru_instream,standard,instream_video,57531,20361,0.35391354226417,17800,0.87422032316684,17800,1,14120,0.79325842696629,72,0.004044943820225,6.262701411236,111.47608512
2019-09-13,"=""2029886443925692""","=""rutube.ru""","=""1448859808542845""",Rutube,"=""1448860211876138""",Rutube.ru,standard,instream_video,1125182,391428,0.34787972079184,184462,0.47125397263354,184462,1,141319,0.76611443007232,749,0.004060456896271,4.4445577465006,819.852011035
2019-09-13,"=""2029886443925692""","=""rutube.ru""","=""2013158515446302""",Rutube_iOS_app,"=""2013159032112917""",Rutube iOS_app,standard,instream_video,7738,4560,0.58929956060998,4046,0.88728070175439,4046,1,3087,0.76297577854671,41,0.010133465150766,5.9845631161641,24.213542368
2019-09-12,"=""130940864343573""","=""showjet.ru""","=""784350111766188""",Showjet,"=""784350188432847""",Showjet,standard,instream_video,93996,14975,0.15931529001234,8369,0.55886477462437,8369,1,5825,0.69602102999164,34,0.004062612020552,4.668527601864,39.0709075
2019-09-12,"=""151381672148111""","=""gamak.tv""","=""500564580322325""",Gamak.tv,"=""500564633655653""",Gamak.tv,standard,instream_video,5556,2183,0.39290856731461,1826,0.83646358222629,1826,1,1032,0.56516976998905,6,0.00328587075575,6.3612047984666,11.615559962
2019-09-12,"=""154850758460936""","=""my.mail.ru""","=""1481911218552416""",news.mail.ru,"=""1481911508552387""",Mail.ru_pre-rolls,standard,instream_video,41132,15511,0.37710298551007,6875,0.44323383405325,6875,1,2892,0.42065454545455,60,0.008727272727273,3.7428674087273,25.732213435
2019-09-12,"=""154850758460936""","=""my.mail.ru""","=""1538370962906441""",News.mail.ru,"=""1538371399573064""",News.mail.ru_pre-roll,standard,instream_video,44876,11959,0.2664898832338,8065,0.67438749059286,8065,1,4522,0.5606943583385,235,0.029138251704898,4.2894834788593,34.594684257
2019-09-12,"=""158926854793451""","=""ivi.ru""","=""1275054429266085""",www.ivi.ru,"=""1275054502599411""",Position1,standard,instream_video,93700,16215,0.1730522945571,9253,0.57064446500154,9253,1,8157,0.88155192910407,45,0.004863287582406,5.2453226585972,48.53497056
2019-09-12,"=""158926854793451""","=""ivi.ru""","=""1303846586386869""",Ivi_PreRoll_CIS_4,"=""1303846696386858""",Position4_CIS,standard,instream_video,20193,9054,0.44837319863319,6805,0.75160150209852,6805,1,6091,0.89507714915503,24,0.003526818515797,1.3802938016165,9.39289932
2019-09-12,"=""158926854793451""","=""ivi.ru""","=""1543119192459606""",pre-roll,"=""1543120109126181""",ivi-pre-roll-mobile,standard,instream_video,94026,13362,0.14210962925148,8873,0.66404729830864,8873,1,7890,0.88921447086667,32,0.00360644652316,5.2547886520906,46.62573971
2019-09-12,"=""158926854793451""","=""ivi.ru""","=""1787755141329342""",Position2-4,"=""1787758234662366""",Position2,standard,instream_video,90146,18513,0.2053668493333,11435,0.61767406687193,11435,1,10404,0.9098382160035,36,0.003148229121119,5.2685768054219,60.24617577
2019-09-12,"=""158926854793451""","=""ivi.ru""","=""1787755141329342""",Position2-4,"=""1787761314662058""",Position3,standard,instream_video,51241,12059,0.23533888878047,8098,0.6715316361224,8098,1,7429,0.91738700913806,25,0.003087182020252,5.2638964349222,42.62703333
2019-09-12,"=""158926854793451""","=""ivi.ru""","=""1787755141329342""",Position2-4,"=""1787762887995234""",Position4,standard,instream_video,28819,7099,0.24633054582047,4929,0.6943231441048,4929,1,4530,0.91905051734632,22,0.004463379995942,5.2856693893285,26.05306442
2019-09-12,"=""158926854793451""","=""ivi.ru""","=""1981448851959969""",Ivi_PreRoll_CIS,"=""1981452975292890""",Position1_CIS,standard,instream_video,71541,21026,0.29390139919766,12637,0.60101778750119,12637,1,10497,0.83065601012899,38,0.003007042810794,1.3945846981087,17.62336683
2019-09-12,"=""158926854793451""","=""ivi.ru""","=""1981448851959969""",Ivi_PreRoll_CIS,"=""1981453431959511""",Position2_CIS,standard,instream_video,48003,17005,0.35424869279003,11312,0.66521611290797,11312,1,10123,0.89489038189533,34,0.003005657708628,1.3974097356789,15.80749893
2019-09-12,"=""158926854793451""","=""ivi.ru""","=""1981448851959969""",Ivi_PreRoll_CIS,"=""1981453901959464""",Position3_CIS,standard,instream_video,31908,12574,0.39407045255108,8849,0.70375377763639,8849,1,7890,0.89162617244886,22,0.002486156627868,1.3972947180472,12.36466096
2019-09-12,"=""158926854793451""","=""ivi.ru""","=""1543119192459606""",pre-roll,"=""1982980468473474""",Ivi_PreRoll_CIS_mobile,standard,instream_video,32713,7978,0.24387858038089,4308,0.53998495863625,4308,1,3655,0.84842154131848,13,0.003017641597029,1.3845604526462,5.96468643
2019-09-12,"=""208370176393429""","=""lenta.ru""","=""165348097296579""",Lena_pre-roll,"=""165348140629908""",Pre-roll,standard,instream_video,280317,54871,0.19574624443041,36862,0.6717938437426,36862,1,17672,0.47940969019587,144,0.003906461939124,2.5066659594433,92.400720597
2019-09-12,"=""428247697648146""","=""debilizator.tv""","=""174282666620331""",First Desktop Web Ad Space,"=""174282866620311""",Debilizator.tv_31.05.18,standard,instream_video,10488,3795,0.36184210526316,3072,0.80948616600791,3072,1,1880,0.61197916666667,20,0.006510416666667,6.1459328932292,18.880305848
2019-09-12,"=""676348746046261""","=""vokrug.tv""","=""183425215856701""",First Desktop Web Ad Space,"=""183425229190033""",First Desktop Web In-stream Video Placement,standard,instream_video,2734,852,0.31163130943672,722,0.84741784037559,722,1,448,0.62049861495845,6,0.008310249307479,2.23482733241,1.613545334
2019-09-12,"=""789285774603144""","=""gazeta.ru""","=""1956898614526961""",Gazeta.ru_instream,"=""1956898687860287""",Gazeta_instream_new,standard,instream_video,104956,30865,0.29407561263768,10047,0.32551433662725,10047,1,3124,0.31093858863342,149,0.014830297601274,1.0776304757639,10.82695339
2019-09-12,"=""860498464121379""","=""rambler.ru""","=""847805922039838""",Rambler.ru_instream,"=""936889249798171""",Rambler.ru,standard,instream_video,497968,137979,0.27708406965909,58407,0.42330354619181,58407,1,25025,0.42845891759549,979,0.016761689523516,1.6189386200284,94.55734798
2019-09-12,"=""1824311337861930""","=""tnt-online.ru""","=""2334257023467438""",Tnt-online.ru_instream,"=""2334257326800741""",tnt-online.ru_instream,standard,instream_video,48029,14170,0.29503008598971,12384,0.87395906845448,12384,1,9798,0.79118217054264,47,0.003795219638243,5.7826208333333,71.6119764
2019-09-12,"=""2029886443925692""","=""rutube.ru""","=""1448859808542845""",Rutube,"=""1448860211876138""",Rutube.ru,standard,instream_video,1104405,389503,0.35268130803464,176058,0.4520067881377,176058,1,135841,0.77156959638301,660,0.003748764611662,4.1562236878358,731.736430033
2019-09-12,"=""2029886443925692""","=""rutube.ru""","=""2013158515446302""",Rutube_iOS_app,"=""2013159032112917""",Rutube iOS_app,standard,instream_video,7122,4241,0.59547879809042,3782,0.89177080877152,3782,1,2930,0.77472236911687,32,0.008461131676362,5.603146474881,21.191099968
2019-09-18,"=""2053334831568811""","=""russia.tv""","=""2095752754066985""",M24.ru_InStream,"=""2095753307400263""",M24.ru_InStream,standard,instream_video,4077,8,0.00196222712779,1,0.125,0,0,0,0,0,0,4.78543,0.00478543
2019-09-17,"=""2053334831568811""","=""russia.tv""","=""1733902773585320""",M24.ru_InStream_Russia,"=""1733902836918647""",M24.ru_InStream_Russia,standard,instream_video,9654,129,0.01336233685519,24,0.18604651162791,24,1,5,0.20833333333333,0,0,1.63864975,0.039327594
2019-09-16,"=""2053334831568811""","=""russia.tv""","=""1733902773585320""",M24.ru_InStream_Russia,"=""1733902836918647""",M24.ru_InStream_Russia,standard,instream_video,4521,56,0.012386640123866,4,0.071428571428571,4,1,0,0,0,0,2.965105,0.01186042
2019-09-18,"=""154850758460936""","=""my.mail.ru""","=""2105211042889094""",mail.ru_pre-rolls,"=""2105211789555686""",Mail.ru_pre-rolls,standard,instream_video,5423,2368,0.43665867600959,0,0,0,0,0,0,0,0,0,0
2019-09-17,"=""154850758460936""","=""my.mail.ru""","=""2105211042889094""",mail.ru_pre-rolls,"=""2105211789555686""",Mail.ru_pre-rolls,standard,instream_video,7936,3710,0.46748991935484,0,0,0,0,0,0,0,0,0,0
2019-09-17,"=""2053334831568811""","=""russia.tv""","=""2095752754066985""",M24.ru_InStream,"=""2095753307400263""",M24.ru_InStream,standard,instream_video,2481,15,0.006045949214027,0,0,0,0,0,0,0,0,0,0
2019-09-16,"=""154850758460936""","=""my.mail.ru""","=""2105211042889094""",mail.ru_pre-rolls,"=""2105211789555686""",Mail.ru_pre-rolls,standard,instream_video,6940,3021,0.43530259365994,0,0,0,0,0,0,0,0,0,0
2019-09-15,"=""154850758460936""","=""my.mail.ru""","=""2105211042889094""",mail.ru_pre-rolls,"=""2105211789555686""",Mail.ru_pre-rolls,standard,instream_video,4041,1681,0.41598614204405,0,0,0,0,0,0,0,0,0,0
2019-09-14,"=""154850758460936""","=""my.mail.ru""","=""2105211042889094""",mail.ru_pre-rolls,"=""2105211789555686""",Mail.ru_pre-rolls,standard,instream_video,3469,1657,0.47765926780052,0,0,0,0,0,0,0,0,0,0
2019-09-13,"=""154850758460936""","=""my.mail.ru""","=""2105211042889094""",mail.ru_pre-rolls,"=""2105211789555686""",Mail.ru_pre-rolls,standard,instream_video,4839,2191,0.45277949989667,0,0,0,0,0,0,0,0,0,0
2019-09-12,"=""154850758460936""","=""my.mail.ru""","=""2105211042889094""",mail.ru_pre-rolls,"=""2105211789555686""",Mail.ru_pre-rolls,standard,instream_video,4720,2039,0.43199152542373,0,0,0,0,0,0,0,0,0,0
2019-09-18,"=""356399948155703""","=""vk.com""","=""331098180683875""",Vk.com_Showjet,"=""331098794017147""",Showjet,standard,instream_video,43024,0,0,0,0,0,0,0,0,0,0,0,0
2019-09-18,"=""356399948155703""","=""vk.com""","=""361548270972199""",Vk.com_rutube,"=""361548317638861""",vk.com_rutube,standard,instream_video,40584,0,0,0,0,0,0,0,0,0,0,0,0
2019-09-18,"=""356399948155703""","=""vk.com""","=""347476615712698""",Vk.com_mrg,"=""663717360755287""",vk.com_pre-roll_updated,standard,instream_video,82321,0,0,0,0,0,0,0,0,0,0,0,0
2019-09-18,"=""794123500775288""","=""ok.ru_new""","=""2227558973993025""",Ok.ru_pre-roll,"=""2227559640659625""",ok.ru_pre-roll_mobile,standard,instream_video,6388,0,0,0,0,0,0,0,0,0,0,0,0
2019-09-18,"=""794123500775288""","=""ok.ru_new""","=""1476601609088769""",Pre-roll,"=""2227577087324547""",Ok.ru_pre-roll_updated,standard,instream_video,37228,0,0,0,0,0,0,0,0,0,0,0,0
2019-09-18,"=""2029886443925692""","=""rutube.ru""","=""1448859808542845""",Rutube,"=""2328740897221394""",Rutube Pause roll,standard,instream_video,22322,0,0,0,0,0,0,0,0,0,0,0,0
2019-09-17,"=""356399948155703""","=""vk.com""","=""331098180683875""",Vk.com_Showjet,"=""331098794017147""",Showjet,standard,instream_video,39469,0,0,0,0,0,0,0,0,0,0,0,0
2019-09-17,"=""356399948155703""","=""vk.com""","=""361548270972199""",Vk.com_rutube,"=""361548317638861""",vk.com_rutube,standard,instream_video,45908,0,0,0,0,0,0,0,0,0,0,0,0
2019-09-17,"=""356399948155703""","=""vk.com""","=""347476615712698""",Vk.com_mrg,"=""663717360755287""",vk.com_pre-roll_updated,standard,instream_video,82807,0,0,0,0,0,0,0,0,0,0,0,0
2019-09-17,"=""794123500775288""","=""ok.ru_new""","=""1476601609088769""",Pre-roll,"=""2227577087324547""",Ok.ru_pre-roll_updated,standard,instream_video,2,0,0,0,0,0,0,0,0,0,0,0,0
2019-09-17,"=""2029886443925692""","=""rutube.ru""","=""1448859808542845""",Rutube,"=""2328740897221394""",Rutube Pause roll,standard,instream_video,26302,0,0,0,0,0,0,0,0,0,0,0,0
2019-09-16,"=""356399948155703""","=""vk.com""","=""331098180683875""",Vk.com_Showjet,"=""331098794017147""",Showjet,standard,instream_video,56872,0,0,0,0,0,0,0,0,0,0,0,0
2019-09-16,"=""356399948155703""","=""vk.com""","=""361548270972199""",Vk.com_rutube,"=""361548317638861""",vk.com_rutube,standard,instream_video,31916,0,0,0,0,0,0,0,0,0,0,0,0
2019-09-16,"=""356399948155703""","=""vk.com""","=""347476615712698""",Vk.com_mrg,"=""663717360755287""",vk.com_pre-roll_updated,standard,instream_video,82500,0,0,0,0,0,0,0,0,0,0,0,0
2019-09-16,"=""2029886443925692""","=""rutube.ru""","=""1448859808542845""",Rutube,"=""2328740897221394""",Rutube Pause roll,standard,instream_video,27276,0,0,0,0,0,0,0,0,0,0,0,0
2019-09-15,"=""356399948155703""","=""vk.com""","=""331098180683875""",Vk.com_Showjet,"=""331098794017147""",Showjet,standard,instream_video,56588,0,0,0,0,0,0,0,0,0,0,0,0
2019-09-15,"=""356399948155703""","=""vk.com""","=""361548270972199""",Vk.com_rutube,"=""361548317638861""",vk.com_rutube,standard,instream_video,41476,0,0,0,0,0,0,0,0,0,0,0,0
2019-09-15,"=""356399948155703""","=""vk.com""","=""347476615712698""",Vk.com_mrg,"=""663717360755287""",vk.com_pre-roll_updated,standard,instream_video,74520,0,0,0,0,0,0,0,0,0,0,0,0
2019-09-15,"=""2029886443925692""","=""rutube.ru""","=""1448859808542845""",Rutube,"=""2328740897221394""",Rutube Pause roll,standard,instream_video,44486,0,0,0,0,0,0,0,0,0,0,0,0
2019-09-14,"=""356399948155703""","=""vk.com""","=""331098180683875""",Vk.com_Showjet,"=""331098794017147""",Showjet,standard,instream_video,53448,0,0,0,0,0,0,0,0,0,0,0,0
2019-09-14,"=""356399948155703""","=""vk.com""","=""361548270972199""",Vk.com_rutube,"=""361548317638861""",vk.com_rutube,standard,instream_video,40443,0,0,0,0,0,0,0,0,0,0,0,0
2019-09-14,"=""356399948155703""","=""vk.com""","=""347476615712698""",Vk.com_mrg,"=""663717360755287""",vk.com_pre-roll_updated,standard,instream_video,72658,0,0,0,0,0,0,0,0,0,0,0,0
2019-09-14,"=""794123500775288""","=""ok.ru_new""","=""1476601609088769""",Pre-roll,"=""2227577087324547""",Ok.ru_pre-roll_updated,standard,instream_video,2,0,0,0,0,0,0,0,0,0,0,0,0
2019-09-14,"=""2029886443925692""","=""rutube.ru""","=""1448859808542845""",Rutube,"=""2328740897221394""",Rutube Pause roll,standard,instream_video,37802,0,0,0,0,0,0,0,0,0,0,0,0
2019-09-13,"=""356399948155703""","=""vk.com""","=""331098180683875""",Vk.com_Showjet,"=""331098794017147""",Showjet,standard,instream_video,41060,0,0,0,0,0,0,0,0,0,0,0,0
2019-09-13,"=""356399948155703""","=""vk.com""","=""361548270972199""",Vk.com_rutube,"=""361548317638861""",vk.com_rutube,standard,instream_video,40062,0,0,0,0,0,0,0,0,0,0,0,0
2019-09-13,"=""356399948155703""","=""vk.com""","=""347476615712698""",Vk.com_mrg,"=""663717360755287""",vk.com_pre-roll_updated,standard,instream_video,66231,0,0,0,0,0,0,0,0,0,0,0,0
2019-09-13,"=""794123500775288""","=""ok.ru_new""","=""2227558973993025""",Ok.ru_pre-roll,"=""2227559640659625""",ok.ru_pre-roll_mobile,standard,instream_video,473,0,0,0,0,0,0,0,0,0,0,0,0
2019-09-13,"=""794123500775288""","=""ok.ru_new""","=""1476601609088769""",Pre-roll,"=""2227577087324547""",Ok.ru_pre-roll_updated,standard,instream_video,3044,0,0,0,0,0,0,0,0,0,0,0,0
2019-09-13,"=""2029886443925692""","=""rutube.ru""","=""1448859808542845""",Rutube,"=""2328740897221394""",Rutube Pause roll,standard,instream_video,32844,0,0,0,0,0,0,0,0,0,0,0,0
2019-09-13,"=""2053334831568811""","=""russia.tv""","=""1733902773585320""",M24.ru_InStream_Russia,"=""1733902836918647""",M24.ru_InStream_Russia,standard,instream_video,13,0,0,0,0,0,0,0,0,0,0,0,0
2019-09-12,"=""356399948155703""","=""vk.com""","=""331098180683875""",Vk.com_Showjet,"=""331098794017147""",Showjet,standard,instream_video,22798,0,0,0,0,0,0,0,0,0,0,0,0
2019-09-12,"=""356399948155703""","=""vk.com""","=""361548270972199""",Vk.com_rutube,"=""361548317638861""",vk.com_rutube,standard,instream_video,35510,0,0,0,0,0,0,0,0,0,0,0,0
2019-09-12,"=""356399948155703""","=""vk.com""","=""347476615712698""",Vk.com_mrg,"=""663717360755287""",vk.com_pre-roll_updated,standard,instream_video,45396,0,0,0,0,0,0,0,0,0,0,0,0
2019-09-12,"=""794123500775288""","=""ok.ru_new""","=""2227558973993025""",Ok.ru_pre-roll,"=""2227559640659625""",ok.ru_pre-roll_mobile,standard,instream_video,10028,0,0,0,0,0,0,0,0,0,0,0,0
2019-09-12,"=""794123500775288""","=""ok.ru_new""","=""1476601609088769""",Pre-roll,"=""2227577087324547""",Ok.ru_pre-roll_updated,standard,instream_video,72136,0,0,0,0,0,0,0,0,0,0,0,0
2019-09-12,"=""2029886443925692""","=""rutube.ru""","=""1448859808542845""",Rutube,"=""2328740897221394""",Rutube Pause roll,standard,instream_video,33156,0,0,0,0,0,0,0,0,0,0,0,0
2019-09-12,"=""2053334831568811""","=""russia.tv""","=""1733902773585320""",M24.ru_InStream_Russia,"=""1733902836918647""",M24.ru_InStream_Russia,standard,instream_video,2,0,0,0,0,0,0,0,0,0,0,0,0
